Market,Keyword,Category,Intent,Monthly Volume,Keyword Difficulty,Opportunity Score,Competitors (SERP),Gap Type,Content Blog Post Idea
NZ,Bubble Show Auckland,local,informational,140,15,14.0,Low (few indexed pages),Local Event,Bubble Shows in Auckland — Where to Find Giant Bubble Entertainment
AU,Giant Bubbles Adelaide,product,commercial,100,15,14.0,None (zero competition),Local City,Giant Bubbles in Adelaide — Where to Buy & Best Places to Blow
AU,Bubble Entertainer Adelaide,b2b,commercial,90,15,14.0,None (zero competition),Local B2B,Hire a Bubble Entertainer in Adelaide — Complete Guide
NZ,Giant Bubbles Queenstown,product,commercial,90,15,14.0,None (zero competition),Local City,Giant Bubbles in Queenstown — Tourist & Event Guide
AU,Giant Bubbles Canberra,product,commercial,70,15,14.0,None (zero competition),Local City,Canberra's Best Giant Bubble Spots & Where to Buy Supplies
NZ,Giant Bubble Entertainer Hire NZ,b2b,commercial,70,15,14.0,None (zero competition),Local B2B,How to Hire a Giant Bubble Entertainer in New Zealand
NZ,Giant Bubbles Napier,product,commercial,50,15,14.0,None (zero competition),Local City,Discover Giant Bubbles in Napier — Hawke's Bay Fun Guide
NZ,School Holiday Activities Christchurch,local,informational,140,15,12.0,Low (general school holiday content),Seasonal Local,School Holiday Activities in Christchurch — Giant Bubbles Edition
AU,Non Toxic Bubbles for Babies,content,informational,130,15,12.0,Low (safety/parenting blogs),Safety/Eco,Non-Toxic Bubbles for Babies — Safe Bubble Play Guide for Parents
AU,Giant Bubble Maker Australia,content,informational,110,15,12.0,Low (DIY blogs),How-To / DIY,How to Make Giant Bubbles Like a Pro — Best Bubble Maker Australia
AU,Bubble Festival Brisbane,local,informational,90,15,12.0,None (zero competition),Local Event,Bubble Festival Brisbane — 2026 Guide to Bubble-Themed Events
AU,Bubble Performer Sydney,b2b,commercial,90,15,12.0,Low (general entertainers),Local B2B,Bubble Performer Sydney — Book the Best Bubble Entertainment
NZ,Eco Friendly Bubbles NZ,content,informational,80,15,12.0,Low (eco blogs),Safety/Eco,Eco Friendly Bubbles NZ — Why Tinka's Bio-Grade Formula Wins
AU,Bubble Workshop for Kids Australia,product,commercial,70,15,12.0,None (zero competition),Kids Education,Bubble Workshop for Kids — The Ultimate Party Activity
NZ,Giant Bubbles Dunedin,product,commercial,70,15,12.0,None (zero competition),Local City,Giant Bubbles in Dunedin — Southern Fun for All Ages
NZ,Bubble Performer Auckland,b2b,commercial,70,15,12.0,Low (general entertainers),Local B2B,Hire a Bubble Performer in Auckland — Complete Guide for Events
NZ,Giant Bubbles Wellington Events,local,informational,70,15,12.0,None (zero competition),Local Event,Giant Bubbles for Wellington Events — Corporate & Party Ideas
NZ,Giant Bubbles Tauranga,product,commercial,60,15,12.0,None (zero competition),Local City,Giant Bubbles in Tauranga — Bay of Plenty Bubble Fun
NZ,Bubble Workshop NZ,product,commercial,60,15,12.0,None (zero competition),Kids Education,Running a Bubble Workshop in NZ — Step-by-Step Guide
NZ,Giant Bubbles for Babies NZ,content,informational,60,15,12.0,Low (parenting blogs),Safety/Eco,Giant Bubbles for Babies — Safe, Sensory Play Ideas for NZ Parents
AU,Bubble Show Melbourne,local,informational,210,35,11.0,Medium (general events/entertainment),Local Event,Bubble Show Melbourne — Best Bubble Entertainment & Where to Find It
AU,Bubble Party Favors Australia,product,commercial,170,35,11.0,Medium (party supply stores),Party Supplies,Bubble Party Favors Australia — The Ultimate Party Favor Guide
AU,Eco Friendly Bubble Solution,content,informational,140,35,11.0,Medium (eco blogs + DIY sites),Safety/Eco,Eco Friendly Bubble Solution — Australia's Best Non-Toxic Options
AU,Giant Bubble Instructions AU,content,informational,110,15,10.0,Low (general how-to),How-To / DIY,Giant Bubble Instructions Australia — Complete Step-by-Step Guide
AU,Giant Bubbles Keep Popping,untracked,commercial,90,15,10.0,Niche (bubble troubleshooting),Troubleshooting,Troubleshooting Guide — Why Your Giant Bubbles Keep Popping
